<?xml version="1.0" encoding="UTF-8" standalone="yes"?>
<addon id="plugin.video.fenlight" name="fenlight" version="1.0.05" provider-name="rturgalp">
    <extension point="xbmc.addon.repository" name="Example Repository">
        <dir>
            <info compressed="false">https://raw.githubusercontent.com/rturgalp/rturgalp.github.io/master/repo/zips/addons.xml</info>
            <checksum>https://raw.githubusercontent.com/rturgalp/rturgalp.github.io/master/repo/zips/addons.xml.md5</checksum>
            <datadir zip="true">https://raw.githubusercontent.com/rturgalp/rturgalp.github.io/master/repo/zips/</datadir>
        </dir>
    </extension>
    <extension point="xbmc.addon.metadata">
        <summary>Fen Light backup</summary>
        <description>Fen Light 1.0.05</description>
        <disclaimer></disclaimer>
        <platform>all</platform>
        <assets>
            <icon>icon.png</icon>
            <fanart>fanart.jpg</fanart>
        </assets>
    </extension>
</addon>